<?xml version="1.0" encoding="UTF-8" standalone="yes"?>
<addon id="repository.goblinking" name="Goblin King Repo" version="1.0.0" provider-name="Jareth">
    <requires>
        <import addon="xbmc.addon" version="12.0.0"/>
    </requires>
    <extension point="xbmc.addon.repository" name="Goblin King Repo">
        <info compressed="false">https://raw.githubusercontent.com/fuckyew/goblinking/master/_zips/addons.xml</info>
        <checksum>https://raw.githubusercontent.com/fuckyew/goblinking/master/_zips/addons.xml.md5</checksum>
        <datadir zip="true">https://raw.githubusercontent.com/fuckyew/goblinking/master/_zips/</datadir>
        <hashes>false</hashes>
		<dir>
        <info compressed="false">https://raw.githubusercontent.com/jenaddon/repository.jenrepo/master/zips/addons.xml</info>
        <checksum>https://raw.githubusercontent.com/jenaddon/repository.jenrepo/master/zips/addons.xml.md5</checksum>
        <datadir zip="true">https://raw.githubusercontent.com/jenaddon/repository.jenrepo/master/zips/</datadir>
        <hashes>false</hashes>
        </dir>
        </extension>
        <extension point="xbmc.addon.metadata">
        <summary>Goblin King Repository</summary>
        <description>Repo to install Labyrinth Add-on</description>
        <platform>all</platform>
        <genre>movies,usa</genre>
    </extension>
</addon>